<?xml version="1.0" encoding="UTF-8"?>
<beans xmlns="http://www.springframework.org/schema/beans"
	xmlns:xsi="http://www.w3.org/2001/XMLSchema-instance" xmlns:aop="http://www.springframework.org/schema/aop"
	xmlns:c="http://www.springframework.org/schema/c" xmlns:cache="http://www.springframework.org/schema/cache"
	xmlns:context="http://www.springframework.org/schema/context"
	xmlns:jee="http://www.springframework.org/schema/jee" xmlns:lang="http://www.springframework.org/schema/lang"
	xmlns:p="http://www.springframework.org/schema/p" xmlns:task="http://www.springframework.org/schema/task"
	xsi:schemaLocation="http://www.springframework.org/schema/beans http://www.springframework.org/schema/beans/spring-beans.xsd
		http://www.springframework.org/schema/aop http://www.springframework.org/schema/aop/spring-aop-4.3.xsd
		http://www.springframework.org/schema/cache http://www.springframework.org/schema/cache/spring-cache-4.3.xsd
		http://www.springframework.org/schema/context http://www.springframework.org/schema/context/spring-context-4.3.xsd
		http://www.springframework.org/schema/jee http://www.springframework.org/schema/jee/spring-jee-4.3.xsd
		http://www.springframework.org/schema/lang http://www.springframework.org/schema/lang/spring-lang-4.3.xsd
		http://www.springframework.org/schema/task http://www.springframework.org/schema/task/spring-task-4.3.xsd">

	<bean id="sbu" class="com.cg.labbook.SBU">
		<property name="sbuId">
			<value>${sbuId}</value>
		</property>

		<property name="sbuName">
			<value>${sbuName}</value>
		</property>

		<property name="sbuHead">
			<value>${sbuHead}</value>
		</property>
		<property name="empList">
			<list>

				<bean  class="com.cg.labbook.Employee" autowire= "byName">
					<property name="employeeId">
						<value>${employeeId}</value>
					</property>

					<property name="employeeName">
						<value>${employeeName}</value>
					</property>

					<property name="employeeSal">
						<value>${employeeSal}</value>
					</property>
					<property name="employeeAge">
						<value>${employeeAge}</value>
					</property>
				</bean>
				
				<bean class="com.cg.labbook.Employee" autowire= "byName">
					<property name="employeeId">
						<value>${employeeId1}</value>
					</property>

					<property name="employeeName">
						<value>${employeeName1}</value>
					</property>

					<property name="employeeSal">
						<value>${employeeSal1}</value>
					</property>
					<property name="employeeAge">
						<value>${employeeAge1}</value>
					</property>
				</bean>
			</list>
		</property>
	</bean>
<!-- 	<bean id="employee" class="com.cg.labBook.Employee">
		<list>
			<Bean class="com.cg.labBook.Employee" autowire="byName">
				<property name="employeeId">
					<value>101</value>
				</property>

				<property name="employeeName">
					<value>Soumya</value>
				</property>

				<property name="employeeSal">
					<value>17500.0</value>
				</property>
				<property name="employeeAge">
					<value>22</value>
				</property>
			</Bean>
			<Bean class="com.cg.labBook.Employee" autowire="byName">
				<property name="employeeId">
					<value>102</value>
				</property>

				<property name="employeeName">
					<value>Shipra</value>
				</property>

				<property name="employeeSal">
					<value>17500.0</value>
				</property>
				<property name="employeeAge">
					<value>22</value>
				</property>
			</Bean>
		</list>
		<list>
			<property name="employeeId">
				<value>102</value>
			</property>

			<property name="employeeName">
				<value>Shipra</value>
			</property>

			<property name="employeeSal">
				<value>17500.0</value>
			</property>
			<property name="employeeAge">
				<value>22</value>
			</property>
		</list>
	</bean> -->
	<bean id="placeHolderConfig"
		class="org.springframework.beans.factory.config.PropertyPlaceholderConfigurer">
		<property name="location">
			<value>sbu.properties</value>
		</property>
	</bean>
</beans>